Scenario,Mean Disasters/Year,Mean Appropriation ($M),Median Appropriation ($M),95% CI Lower ($M),95% CI Upper ($M),P(>$100M),P(>$200M)
Baseline,2.6173,110.25330686987705,42.31316671922985,1.148256987227879,669.8661465391742,0.2681,0.1288
Moderate (+20%),3.0187,156.79336303224355,63.51277354228559,1.7765245551790032,971.8940236882809,0.3713,0.1993
High (+40%),3.4304,217.72364778514333,87.34011843899249,2.5498233294775687,1467.5499629056994,0.4593,0.2643
