{
  "log_total_value": {
    "distribution": "norm",
    "params": [
      16.367638459649104,
      2.1066418639036235
    ],
    "mean": 16.367638459649104,
    "std": 2.1066418639036235
  },
  "peak_intensity": {
    "distribution": "weibull_min",
    "params": [
      1.2522677115530114,
      4.009744311809456,
      2.245126038962205
    ],
    "mean": 6.099956723645235,
    "std": 1.6797364546159568
  },
  "duration_days": {
    "distribution": "gamma",
    "params": [
      0.5837859698889669,
      0.0,
      885267.0784436528
    ],
    "mean": 516806.5,
    "std": 676396.171171666
  },
  "percent_in_heatwave": {
    "distribution": "beta",
    "params": [
      69.51850013999058,
      0.6740834355002778,
      -8.748269056457504,
      9.748269056457506
    ],
    "mean": 90.63840314598099,
    "std": 11.267457462503156,
    "scale": 100.0
  },
  "disaster_frequency": {
    "distribution": "zt_poisson",
    "params": {
      "lambda": 2.3711864670447738
    },
    "mean": 2.6153846153846323,
    "var": 1.9767125351111519,
    "empirical_mean": 2.6153846153846154,
    "empirical_var": 4.0828402366863905
  }
}